-- phpMyAdmin SQL Dump
-- version 5.0.4
-- https://www.phpmyadmin.net/
--
-- Host: 127.0.0.1
-- Generation Time: Jun 15, 2021 at 12:13 PM
-- Server version: 10.4.17-MariaDB
-- PHP Version: 8.0.2

SET SQL_MODE = "NO_AUTO_VALUE_ON_ZERO";
START TRANSACTION;
SET time_zone = "+00:00";


/*!40101 SET @OLD_CHARACTER_SET_CLIENT=@@CHARACTER_SET_CLIENT */;
/*!40101 SET @OLD_CHARACTER_SET_RESULTS=@@CHARACTER_SET_RESULTS */;
/*!40101 SET @OLD_COLLATION_CONNECTION=@@COLLATION_CONNECTION */;
/*!40101 SET NAMES utf8mb4 */;

--
-- Database: `hotel_db`
--
CREATE DATABASE IF NOT EXISTS `hotel_db` DEFAULT CHARACTER SET utf8mb4 COLLATE utf8mb4_general_ci;
USE `hotel_db`;

-- --------------------------------------------------------

--
-- Table structure for table `customers`
--

CREATE TABLE `customers` (
  `nfc_id` int(255) NOT NULL,
  `first_name` varchar(100) NOT NULL,
  `last_name` varchar(100) NOT NULL,
  `date_of_birth` date NOT NULL,
  `id_doc_nr` int(10) NOT NULL,
  `kind_of_id_doc` varchar(100) NOT NULL,
  `dep_of_id_doc` varchar(100) NOT NULL
) ENGINE=InnoDB DEFAULT CHARSET=utf8mb4;

--
-- Dumping data for table `customers`
--

INSERT INTO `customers` (`nfc_id`, `first_name`, `last_name`, `date_of_birth`, `id_doc_nr`, `kind_of_id_doc`, `dep_of_id_doc`) VALUES
(1, 'Panagiota', 'Koufou', '2000-05-02', 9372, 'id-card', 'kymi-pd'),
(2, 'Grigorios', 'Bitsikas', '1998-05-02', 7211, 'id-card', 'kymi-pd'),
(3, 'Tim', 'Duncan', '1973-05-03', 9813, 'passport', 'US Dept of State'),
(4, 'Maria', 'Tsironi', '2000-05-01', 1350, 'id-card', 'Athens PD'),
(5, 'LeBron', 'James', '1990-05-02', 7689, 'Passport', 'US Dept of State'),
(6, 'Magic', 'Johnson', '1970-05-02', 7834, 'passport', 'US Dept of State'),
(7, 'Michael', 'Jordan', '1980-05-01', 9823, 'passport', 'US Dept of State'),
(8, 'Larry', 'Bird', '1990-02-12', 4524, 'passport', 'US Dept of State'),
(9, 'Larry', 'To Saligari', '1950-01-23', 6342, 'id-card', 'Bikini bottom PD'),
(10, 'Bob', 'Sfougarakis', '1990-05-19', 1772, 'id-card', 'Bikini bottom PD'),
(11, 'Kyrios', 'Kavouris', '1981-05-10', 7253, 'id-card', 'Bikini bottom PD'),
(12, 'Homo', 'Sapiens', '1998-05-03', 9087, 'id-card', 'caves-pd'),
(13, 'Devin', 'Booker', '1994-05-04', 6431, 'passport', 'US Dept of State'),
(14, 'Stephen ', 'Curry', '1950-05-01', 6985, 'passport', 'US Dept of State'),
(15, 'Kevin ', 'Durant', '1951-05-01', 8621, 'passport', 'US Dept of State');

--
-- Triggers `customers`
--
DELIMITER $$
CREATE TRIGGER `new cust_reg_room_service` AFTER INSERT ON `customers` FOR EACH ROW BEGIN
INSERT INTO register_to_services (nfc_id, service_id, date_of_registration)

SELECT NEW.nfc_id, '9', CURRENT_TIMESTAMP();


END
$$
DELIMITER ;
DELIMITER $$
CREATE TRIGGER `new_cust_unreg_services_acces_rooms` AFTER INSERT ON `customers` FOR EACH ROW BEGIN
  INSERT INTO have_access(nfc_id, room_id, date_of_start, date_of_end)
  SELECT NEW.nfc_id, room.room_id, CURRENT_TIMESTAMP(), '2021-06-30 20:19:00'
  FROM room
  WHERE room.free_access=1;
  
END
$$
DELIMITER ;

-- --------------------------------------------------------

--
-- Stand-in structure for view `customers_data`
-- (See below for the actual view)
--
CREATE TABLE `customers_data` (
`first_name` varchar(100)
,`last_name` varchar(100)
,`date_of_birth` date
,`id_doc_nr` int(10)
,`dep_of_id_doc` varchar(100)
);

-- --------------------------------------------------------

--
-- Stand-in structure for view `customers_location`
-- (See below for the actual view)
--
CREATE TABLE `customers_location` (
`nfc_id` int(255)
,`first_name` varchar(100)
,`last_name` varchar(100)
,`room_id` int(255)
,`date_of_entrance` datetime
,`date_of_exit` datetime
,`description` text
);

-- --------------------------------------------------------

--
-- Table structure for table `email_address`
--

CREATE TABLE `email_address` (
  `nfc_id` int(255) NOT NULL,
  `email` varchar(320) NOT NULL
) ENGINE=InnoDB DEFAULT CHARSET=utf8mb4;

--
-- Dumping data for table `email_address`
--

INSERT INTO `email_address` (`nfc_id`, `email`) VALUES
(1, 'xxxxx@gmail.com'),
(2, 'gt@gmail.com'),
(3, 'gta@gmail.com'),
(4, 'xza@gmail.com'),
(5, 'xza@gmail.com'),
(6, 'bf@yahoo.com'),
(7, 'yets@gmail.com'),
(8, 'ndhaa@gmail.com'),
(9, 'mcb@gmail.com'),
(10, 'cbd@gmail.com'),
(11, 'aryz@gmail.com'),
(12, 'mxvs@gmail.com'),
(13, 'ulsmd@gmail.com'),
(14, 'mdjasi@gmail.com'),
(15, 'ismdhas@gmail.com');

-- --------------------------------------------------------

--
-- Table structure for table `have_access`
--

CREATE TABLE `have_access` (
  `nfc_id` int(255) NOT NULL,
  `room_id` int(255) NOT NULL,
  `date_of_start` datetime NOT NULL,
  `date_of_end` datetime NOT NULL
) ENGINE=InnoDB DEFAULT CHARSET=utf8mb4;

--
-- Dumping data for table `have_access`
--

INSERT INTO `have_access` (`nfc_id`, `room_id`, `date_of_start`, `date_of_end`) VALUES
(1, 1, '2021-05-24 20:19:00', '2021-06-30 20:19:00'),
(1, 2, '2021-05-24 20:11:48', '2021-06-30 20:19:00'),
(1, 3, '2021-05-24 20:11:48', '2021-06-30 20:19:00'),
(1, 5, '2021-05-24 20:11:48', '2021-06-30 20:19:00'),
(1, 8, '2021-05-24 20:11:48', '2021-06-30 20:19:00'),
(1, 9, '2021-05-24 20:11:48', '2021-06-30 20:19:00'),
(1, 11, '2021-05-24 20:11:48', '2021-06-30 20:19:00'),
(1, 12, '2021-05-24 20:11:48', '2021-06-30 20:19:00'),
(1, 13, '2021-05-24 20:11:48', '2021-06-30 20:19:00'),
(1, 14, '2021-05-24 20:11:48', '2021-06-30 20:19:00'),
(1, 17, '2021-05-24 20:19:00', '2021-06-30 20:19:00'),
(1, 18, '2021-05-24 20:19:00', '2021-06-30 20:19:00'),
(1, 19, '2021-05-01 11:17:51', '2021-06-30 20:19:00'),
(1, 23, '2021-05-24 20:11:48', '2021-06-30 20:19:00'),
(1, 24, '2021-05-24 20:11:48', '2021-06-30 20:19:00'),
(1, 25, '2021-05-24 20:11:48', '2021-06-30 20:19:00'),
(1, 49, '2021-05-24 20:11:48', '2021-06-30 20:19:00'),
(1, 50, '2021-05-24 20:11:48', '2021-06-30 20:19:00'),
(1, 51, '2021-05-24 20:11:48', '2021-06-30 20:19:00'),
(1, 52, '2021-05-24 20:11:48', '2021-06-30 20:19:00'),
(1, 53, '2021-05-24 20:11:48', '2021-06-30 20:19:00'),
(1, 54, '2021-05-01 17:15:05', '2021-06-30 20:19:00'),
(2, 2, '2021-05-24 20:15:39', '2021-06-30 20:19:00'),
(2, 3, '2021-05-24 20:15:39', '2021-06-30 20:19:00'),
(2, 4, '2021-05-24 20:21:45', '2021-06-30 20:19:00'),
(2, 7, '2021-02-01 19:04:04', '2021-06-30 20:19:00'),
(2, 8, '2021-05-24 20:15:39', '2021-06-30 20:19:00'),
(2, 9, '2021-05-24 20:15:39', '2021-06-30 20:19:00'),
(2, 10, '2021-05-24 20:21:45', '2021-06-30 20:19:00'),
(2, 11, '2021-05-24 20:15:39', '2021-06-30 20:19:00'),
(2, 12, '2021-05-24 20:15:39', '2021-06-30 20:19:00'),
(2, 13, '2021-05-24 20:15:39', '2021-06-30 20:19:00'),
(2, 14, '2021-05-24 20:15:39', '2021-06-30 20:19:00'),
(2, 21, '2021-05-24 20:21:45', '2021-06-30 20:19:00'),
(2, 22, '2021-05-24 20:21:45', '2021-06-30 20:19:00'),
(2, 23, '2021-05-24 20:15:39', '2021-06-30 20:19:00'),
(2, 24, '2021-05-24 20:15:39', '2021-06-30 20:19:00'),
(2, 25, '2021-05-24 20:15:39', '2021-06-30 20:19:00'),
(2, 49, '2021-05-24 20:15:39', '2021-06-30 20:19:00'),
(2, 50, '2021-05-24 20:15:39', '2021-06-30 20:19:00'),
(2, 51, '2021-05-24 20:15:39', '2021-06-30 20:19:00'),
(2, 52, '2021-05-24 20:15:39', '2021-06-30 20:19:00'),
(2, 53, '2021-05-24 20:15:39', '2021-06-30 20:19:00'),
(2, 54, '2021-05-23 12:56:14', '2021-06-30 20:19:00'),
(3, 2, '2021-05-24 15:05:41', '2021-06-30 20:19:00'),
(3, 3, '2021-05-24 15:05:41', '2021-06-30 20:19:00'),
(3, 4, '2021-05-24 15:19:42', '2021-06-30 20:19:00'),
(3, 8, '2021-05-24 15:05:41', '2021-06-30 20:19:00'),
(3, 9, '2021-05-24 15:05:41', '2021-06-30 20:19:00'),
(3, 10, '2021-05-24 15:19:42', '2021-06-30 20:19:00'),
(3, 11, '2021-05-24 15:05:41', '2021-06-30 20:19:00'),
(3, 12, '2021-05-24 15:05:41', '2021-06-30 20:19:00'),
(3, 13, '2021-05-24 15:05:41', '2021-06-30 20:19:00'),
(3, 14, '2021-05-24 15:05:41', '2021-06-30 20:19:00'),
(3, 15, '2021-05-24 15:06:22', '2021-06-30 20:19:00'),
(3, 17, '2021-05-24 12:43:42', '2021-06-30 20:19:00'),
(3, 18, '2021-05-24 12:43:42', '2021-06-30 20:19:00'),
(3, 20, '2021-05-24 15:19:42', '2021-06-30 20:19:00'),
(3, 23, '2021-05-24 15:05:41', '2021-06-30 20:19:00'),
(3, 24, '2021-05-24 15:05:41', '2021-06-30 20:19:00'),
(3, 25, '2021-05-24 15:05:41', '2021-06-30 20:19:00'),
(3, 49, '2021-05-24 15:05:41', '2021-06-30 20:19:00'),
(3, 50, '2021-05-24 15:05:41', '2021-06-30 20:19:00'),
(3, 51, '2021-05-24 15:05:41', '2021-06-30 20:19:00'),
(3, 52, '2021-05-24 15:05:41', '2021-06-30 20:19:00'),
(3, 53, '2021-05-24 15:05:41', '2021-06-30 20:19:00'),
(3, 54, '2021-05-01 17:17:37', '2021-06-30 20:19:00'),
(4, 1, '2021-05-25 15:43:42', '2021-06-30 20:19:00'),
(4, 2, '2021-05-24 20:27:10', '2021-06-30 20:19:00'),
(4, 3, '2021-05-24 20:27:10', '2021-06-30 20:19:00'),
(4, 6, '2021-02-27 19:04:04', '2021-06-30 20:19:00'),
(4, 8, '2021-05-24 20:27:10', '2021-06-30 20:19:00'),
(4, 9, '2021-05-24 20:27:10', '2021-06-30 20:19:00'),
(4, 11, '2021-05-24 20:27:10', '2021-06-30 20:19:00'),
(4, 12, '2021-05-24 20:27:10', '2021-06-30 20:19:00'),
(4, 13, '2021-05-24 20:27:10', '2021-06-30 20:19:00'),
(4, 14, '2021-05-24 20:27:10', '2021-06-30 20:19:00'),
(4, 23, '2021-05-24 20:27:10', '2021-06-30 20:19:00'),
(4, 24, '2021-05-24 20:27:10', '2021-06-30 20:19:00'),
(4, 25, '2021-05-24 20:27:10', '2021-06-30 20:19:00'),
(4, 27, '2021-05-24 15:06:57', '2021-06-30 20:19:00'),
(4, 49, '2021-05-24 20:27:10', '2021-06-30 20:19:00'),
(4, 50, '2021-05-24 20:27:10', '2021-06-30 20:19:00'),
(4, 51, '2021-05-24 20:27:10', '2021-06-30 20:19:00'),
(4, 52, '2021-05-24 20:27:10', '2021-06-30 20:19:00'),
(4, 53, '2021-05-24 20:27:10', '2021-06-30 20:19:00'),
(4, 54, '2021-05-16 11:08:10', '2021-06-30 20:19:00'),
(5, 2, '2021-05-24 11:42:20', '2021-06-30 20:19:00'),
(5, 3, '2021-05-24 11:42:20', '2021-06-30 20:19:00'),
(5, 9, '2021-05-24 11:42:20', '2021-06-30 20:19:00'),
(5, 11, '2021-05-24 11:42:20', '2021-06-30 20:19:00'),
(5, 12, '2021-05-24 11:42:20', '2021-06-30 20:19:00'),
(5, 13, '2021-05-24 11:42:20', '2021-06-30 20:19:00'),
(5, 14, '2021-05-24 11:42:20', '2021-06-30 20:19:00'),
(5, 23, '2021-05-24 11:42:20', '2021-06-30 20:19:00'),
(5, 24, '2021-05-24 11:42:20', '2021-06-30 20:19:00'),
(5, 25, '2021-05-24 11:42:20', '2021-06-30 20:19:00'),
(5, 30, '2021-05-24 15:06:57', '2021-06-30 20:19:00'),
(5, 49, '2021-05-24 11:42:20', '2021-06-30 20:19:00'),
(5, 50, '2021-05-24 11:42:20', '2021-06-30 20:19:00'),
(5, 51, '2021-05-24 11:42:20', '2021-06-30 20:19:00'),
(5, 52, '2021-05-24 11:42:20', '2021-06-30 20:19:00'),
(5, 53, '2021-05-24 11:42:20', '2021-06-30 20:19:00'),
(5, 54, '2021-05-11 11:09:11', '2021-06-30 20:19:00'),
(6, 1, '2021-05-31 21:44:56', '2021-06-30 20:19:00'),
(6, 2, '2021-05-16 21:39:51', '2021-06-30 20:19:00'),
(6, 3, '2021-05-16 21:39:51', '2021-06-30 20:19:00'),
(6, 8, '2021-05-16 21:39:51', '2021-06-30 20:19:00'),
(6, 9, '2021-05-16 21:39:51', '2021-06-30 20:19:00'),
(6, 11, '2021-05-16 21:39:51', '2021-06-30 20:19:00'),
(6, 12, '2021-05-16 21:39:51', '2021-06-30 20:19:00'),
(6, 13, '2021-05-16 21:39:51', '2021-06-30 20:19:00'),
(6, 14, '2021-05-16 21:39:51', '2021-06-30 20:19:00'),
(6, 17, '2021-05-19 21:42:33', '2021-06-30 20:19:00'),
(6, 18, '2021-05-19 21:42:33', '2021-06-30 20:19:00'),
(6, 32, '2021-05-24 15:08:10', '2021-06-30 20:19:00'),
(6, 54, '2021-05-05 11:09:11', '2021-06-30 20:19:00'),
(7, 2, '2021-05-24 11:47:10', '2021-06-30 20:19:00'),
(7, 3, '2021-05-24 11:47:10', '2021-06-30 20:19:00'),
(7, 8, '2021-05-24 11:47:10', '2021-06-30 20:19:00'),
(7, 9, '2021-05-24 11:47:10', '2021-06-30 20:19:00'),
(7, 11, '2021-05-24 11:47:10', '2021-06-30 20:19:00'),
(7, 12, '2021-05-24 11:47:10', '2021-06-30 20:19:00'),
(7, 13, '2021-05-24 11:47:10', '2021-06-30 20:19:00'),
(7, 14, '2021-05-24 11:47:10', '2021-06-30 20:19:00'),
(7, 23, '2021-05-01 11:47:10', '2021-06-30 20:19:00'),
(7, 24, '2021-05-24 11:47:10', '2021-06-30 20:19:00'),
(7, 25, '2021-05-24 11:47:10', '2021-06-30 20:19:00'),
(7, 34, '2021-05-24 15:14:31', '2021-06-30 20:19:00'),
(7, 49, '2021-05-24 11:47:10', '2021-06-30 20:19:00'),
(7, 50, '2021-05-24 11:47:10', '2021-06-30 20:19:00'),
(7, 51, '2021-05-24 11:47:10', '2021-06-30 20:19:00'),
(7, 52, '2021-05-24 11:47:10', '2021-06-30 20:19:00'),
(7, 53, '2021-05-24 11:47:10', '2021-06-30 20:19:00'),
(7, 54, '2021-05-01 17:17:37', '2021-06-30 20:19:00'),
(8, 2, '2021-05-24 11:47:10', '2021-06-30 20:19:00'),
(8, 3, '2021-05-24 11:47:10', '2021-06-30 20:19:00'),
(8, 8, '2021-05-24 11:47:10', '2021-06-30 20:19:00'),
(8, 9, '2021-05-24 11:47:10', '2021-06-30 20:19:00'),
(8, 11, '2021-05-24 11:47:10', '2021-06-30 20:19:00'),
(8, 12, '2021-05-24 11:47:10', '2021-06-30 20:19:00'),
(8, 13, '2021-05-24 11:47:10', '2021-06-30 20:19:00'),
(8, 14, '2021-05-24 11:47:10', '2021-06-30 20:19:00'),
(8, 17, '2021-05-24 15:48:20', '2021-06-30 20:19:00'),
(8, 18, '2021-05-24 15:48:20', '2021-06-30 20:19:00'),
(8, 21, '2021-05-24 15:48:20', '2021-06-30 20:19:00'),
(8, 22, '2021-05-24 15:48:20', '2021-06-30 20:19:00'),
(8, 23, '2021-05-24 11:47:10', '2021-06-30 20:19:00'),
(8, 24, '2021-05-24 11:47:10', '2021-06-30 20:19:00'),
(8, 25, '2021-05-24 11:47:10', '2021-06-30 20:19:00'),
(8, 37, '2021-05-24 15:09:07', '2021-06-30 20:19:00'),
(8, 49, '2021-05-24 11:47:10', '2021-06-30 20:19:00'),
(8, 50, '2021-05-24 11:47:10', '2021-06-30 20:19:00'),
(8, 51, '2021-05-24 11:47:10', '2021-06-30 20:19:00'),
(8, 52, '2021-05-24 11:47:10', '2021-06-30 20:19:00'),
(8, 53, '2021-05-24 11:47:10', '2021-06-30 20:19:00'),
(8, 54, '2021-05-01 17:17:37', '2021-06-30 20:19:00'),
(9, 2, '2021-05-24 11:47:10', '2021-06-30 20:19:00'),
(9, 3, '2021-05-24 11:47:10', '2021-06-30 20:19:00'),
(9, 8, '2021-05-24 11:47:10', '2021-06-30 20:19:00'),
(9, 9, '2021-05-24 11:47:10', '2021-06-30 20:19:00'),
(9, 11, '2021-05-24 11:47:10', '2021-06-30 20:19:00'),
(9, 12, '2021-05-24 11:47:10', '2021-06-30 20:19:00'),
(9, 13, '2021-05-24 11:47:10', '2021-06-30 20:19:00'),
(9, 14, '2021-05-24 11:47:10', '2021-06-30 20:19:00'),
(9, 21, '2021-05-24 15:48:20', '2021-06-30 20:19:00'),
(9, 22, '2021-05-24 15:48:20', '2021-06-30 20:19:00'),
(9, 23, '2021-05-24 11:47:10', '2021-06-30 20:19:00'),
(9, 24, '2021-05-24 11:47:10', '2021-06-30 20:19:00'),
(9, 25, '2021-05-24 11:47:10', '2021-06-30 20:19:00'),
(9, 39, '2021-05-25 15:09:07', '2021-06-30 20:19:00'),
(9, 49, '2021-05-24 11:47:10', '2021-06-30 20:19:00'),
(9, 50, '2021-05-24 11:47:10', '2021-06-30 20:19:00'),
(9, 51, '2021-05-24 11:47:10', '2021-06-30 20:19:00'),
(9, 52, '2021-05-24 11:47:10', '2021-06-30 20:19:00'),
(9, 53, '2021-05-24 11:47:10', '2021-06-30 20:19:00'),
(9, 54, '2021-05-01 17:17:37', '2021-06-30 20:19:00'),
(10, 1, '2021-05-24 15:49:39', '2021-06-30 20:19:00'),
(10, 2, '2021-05-24 13:09:40', '2021-06-30 20:19:00'),
(10, 3, '2021-05-24 13:09:40', '2021-06-30 20:19:00'),
(10, 8, '2021-05-24 13:09:40', '2021-06-30 20:19:00'),
(10, 9, '2021-05-24 13:09:40', '2021-06-30 20:19:00'),
(10, 11, '2021-05-24 13:09:40', '2021-06-30 20:19:00'),
(10, 12, '2021-05-24 13:09:40', '2021-06-30 20:19:00'),
(10, 13, '2021-05-24 13:09:40', '2021-06-30 20:19:00'),
(10, 14, '2021-05-24 13:09:40', '2021-06-30 20:19:00'),
(10, 19, '2021-05-24 15:49:39', '2021-06-30 20:19:00'),
(10, 23, '2021-05-24 13:09:40', '2021-06-30 20:19:00'),
(10, 24, '2021-05-24 13:09:40', '2021-06-30 20:19:00'),
(10, 25, '2021-05-24 13:09:40', '2021-06-30 20:19:00'),
(10, 40, '2021-05-24 15:10:39', '2021-06-30 20:19:00'),
(10, 49, '2021-05-24 13:09:40', '2021-06-30 20:19:00'),
(10, 50, '2021-05-24 13:09:40', '2021-06-30 20:19:00'),
(10, 51, '2021-05-24 13:09:40', '2021-06-30 20:19:00'),
(10, 52, '2021-05-24 13:09:40', '2021-06-30 20:19:00'),
(10, 53, '2021-05-24 13:09:40', '2021-06-30 20:19:00'),
(10, 54, '2021-05-11 11:15:10', '2021-06-30 20:19:00'),
(11, 2, '2021-05-24 14:16:22', '2021-06-30 20:19:00'),
(11, 3, '2021-05-24 14:16:22', '2021-06-30 20:19:00'),
(11, 8, '2021-05-24 14:16:22', '2021-06-30 20:19:00'),
(11, 9, '2021-05-24 14:16:22', '2021-06-30 20:19:00'),
(11, 11, '2021-05-24 14:16:22', '2021-06-30 20:19:00'),
(11, 12, '2021-05-24 14:16:22', '2021-06-30 20:19:00'),
(11, 13, '2021-05-24 14:16:22', '2021-06-30 20:19:00'),
(11, 14, '2021-05-24 14:16:22', '2021-06-30 20:19:00'),
(11, 17, '2021-05-24 15:49:39', '2021-06-30 20:19:00'),
(11, 18, '2021-05-24 15:49:39', '2021-06-30 20:19:00'),
(11, 23, '2021-05-24 14:16:22', '2021-06-30 20:19:00'),
(11, 24, '2021-05-24 14:16:22', '2021-06-30 20:19:00'),
(11, 25, '2021-05-24 14:16:22', '2021-06-30 20:19:00'),
(11, 41, '2021-05-24 15:12:59', '2021-06-30 20:19:00'),
(11, 49, '2021-05-24 14:16:22', '2021-06-30 20:19:00'),
(11, 50, '2021-05-24 14:16:22', '2021-06-30 20:19:00'),
(11, 51, '2021-05-24 14:16:22', '2021-06-30 20:19:00'),
(11, 52, '2021-05-24 14:16:22', '2021-06-30 20:19:00'),
(11, 53, '2021-05-24 14:16:22', '2021-06-30 20:19:00'),
(11, 54, '2021-05-11 11:15:10', '2021-06-30 20:19:00'),
(12, 2, '2021-05-24 14:16:22', '2021-06-30 20:19:00'),
(12, 3, '2021-05-24 14:16:22', '2021-06-30 20:19:00'),
(12, 4, '2021-05-24 15:50:21', '2021-06-30 20:19:00'),
(12, 8, '2021-05-24 14:16:22', '2021-06-30 20:19:00'),
(12, 9, '2021-05-24 14:16:22', '2021-06-30 20:19:00'),
(12, 10, '2021-05-24 15:50:21', '2021-06-30 20:19:00'),
(12, 11, '2021-05-24 14:16:22', '2021-06-30 20:19:00'),
(12, 12, '2021-05-24 14:16:22', '2021-06-30 20:19:00'),
(12, 13, '2021-05-24 14:16:22', '2021-06-30 20:19:00'),
(12, 14, '2021-05-24 14:16:22', '2021-06-30 20:19:00'),
(12, 17, '2021-05-24 15:49:39', '2021-06-30 20:19:00'),
(12, 18, '2021-05-24 15:49:39', '2021-06-30 20:19:00'),
(12, 20, '2021-05-24 15:50:21', '2021-06-30 20:19:00'),
(12, 23, '2021-05-24 14:16:22', '2021-06-30 20:19:00'),
(12, 24, '2021-05-24 14:16:22', '2021-06-30 20:19:00'),
(12, 25, '2021-05-24 14:16:22', '2021-06-30 20:19:00'),
(12, 42, '2021-05-25 15:12:59', '2021-06-30 20:19:00'),
(12, 49, '2021-05-24 14:16:22', '2021-06-30 20:19:00'),
(12, 50, '2021-05-24 14:16:22', '2021-06-30 20:19:00'),
(12, 51, '2021-05-24 14:16:22', '2021-06-30 20:19:00'),
(12, 52, '2021-05-24 14:16:22', '2021-06-30 20:19:00'),
(12, 53, '2021-05-24 14:16:22', '2021-06-30 20:19:00'),
(12, 54, '2021-05-01 17:17:37', '2021-06-30 20:19:00'),
(13, 2, '2021-05-24 14:22:07', '2021-06-30 20:19:00'),
(13, 3, '2021-05-24 14:22:07', '2021-06-30 20:19:00'),
(13, 8, '2021-05-24 14:22:07', '2021-06-30 20:19:00'),
(13, 9, '2021-05-24 14:22:07', '2021-06-30 20:19:00'),
(13, 11, '2021-05-24 14:22:07', '2021-06-30 20:19:00'),
(13, 12, '2021-05-24 14:22:07', '2021-06-30 20:19:00'),
(13, 13, '2021-05-24 14:22:07', '2021-06-30 20:19:00'),
(13, 14, '2021-05-24 14:22:07', '2021-06-30 20:19:00'),
(13, 21, '2021-05-24 15:50:50', '2021-06-30 20:19:00'),
(13, 22, '2021-05-24 15:50:50', '2021-06-30 20:19:00'),
(13, 23, '2021-05-24 14:22:07', '2021-06-30 20:19:00'),
(13, 24, '2021-05-24 14:22:07', '2021-06-30 20:19:00'),
(13, 25, '2021-05-24 14:22:07', '2021-06-30 20:19:00'),
(13, 44, '2021-05-24 15:14:59', '2021-06-30 20:19:00'),
(13, 49, '2021-05-24 14:22:07', '2021-06-30 20:19:00'),
(13, 50, '2021-05-24 14:22:07', '2021-06-30 20:19:00'),
(13, 51, '2021-05-24 14:22:07', '2021-06-30 20:19:00'),
(13, 52, '2021-05-24 14:22:07', '2021-06-30 20:19:00'),
(13, 53, '2021-05-24 14:22:07', '2021-06-30 20:19:00'),
(13, 54, '2021-05-01 17:17:37', '2021-06-30 20:19:00'),
(14, 1, '2021-05-24 15:51:33', '2021-06-30 20:19:00'),
(14, 2, '2021-05-24 14:22:07', '2021-06-30 20:19:00'),
(14, 3, '2021-05-24 14:22:07', '2021-06-30 20:19:00'),
(14, 8, '2021-05-24 14:22:07', '2021-06-30 20:19:00'),
(14, 9, '2021-05-24 14:22:07', '2021-06-30 20:19:00'),
(14, 11, '2021-05-24 14:22:07', '2021-06-30 20:19:00'),
(14, 12, '2021-05-24 14:22:07', '2021-06-30 20:19:00'),
(14, 13, '2021-05-24 14:22:07', '2021-06-30 20:19:00'),
(14, 14, '2021-05-24 14:22:07', '2021-06-30 20:19:00'),
(14, 19, '2021-05-24 15:51:33', '2021-06-30 20:19:00'),
(14, 21, '2021-05-24 15:51:33', '2021-06-30 20:19:00'),
(14, 22, '2021-05-24 15:51:33', '2021-06-30 20:19:00'),
(14, 23, '2021-05-24 14:22:07', '2021-06-30 20:19:00'),
(14, 24, '2021-05-24 14:22:07', '2021-06-30 20:19:00'),
(14, 25, '2021-05-24 14:22:07', '2021-06-30 20:19:00'),
(14, 45, '2021-05-24 15:14:59', '2021-06-30 20:19:00'),
(14, 49, '2021-05-24 14:22:07', '2021-06-30 20:19:00'),
(14, 50, '2021-05-24 14:22:07', '2021-06-30 20:19:00'),
(14, 51, '2021-05-24 14:22:07', '2021-06-30 20:19:00'),
(14, 52, '2021-05-24 14:22:07', '2021-06-30 20:19:00'),
(14, 53, '2021-05-24 14:22:07', '2021-06-30 20:19:00'),
(14, 54, '2021-05-01 17:17:37', '2021-06-30 20:19:00'),
(15, 2, '2021-05-24 14:22:07', '2021-06-30 20:19:00'),
(15, 3, '2021-05-24 14:22:07', '2021-06-30 20:19:00'),
(15, 8, '2021-05-24 14:22:07', '2021-06-30 20:19:00'),
(15, 9, '2021-05-24 14:22:07', '2021-06-30 20:19:00'),
(15, 11, '2021-05-24 14:22:07', '2021-06-30 20:19:00'),
(15, 12, '2021-05-24 14:22:07', '2021-06-30 20:19:00'),
(15, 13, '2021-05-24 14:22:07', '2021-06-30 20:19:00'),
(15, 14, '2021-05-24 14:22:07', '2021-06-30 20:19:00'),
(15, 23, '2021-05-24 14:22:07', '2021-06-30 20:19:00'),
(15, 24, '2021-05-24 14:22:07', '2021-06-30 20:19:00'),
(15, 25, '2021-05-24 14:22:07', '2021-06-30 20:19:00'),
(15, 46, '2021-05-24 15:14:59', '2021-06-30 20:19:00'),
(15, 49, '2021-05-24 14:22:07', '2021-06-30 20:19:00'),
(15, 50, '2021-05-24 14:22:07', '2021-06-30 20:19:00'),
(15, 51, '2021-05-24 14:22:07', '2021-06-30 20:19:00'),
(15, 52, '2021-05-24 14:22:07', '2021-06-30 20:19:00'),
(15, 53, '2021-05-24 14:22:07', '2021-06-30 20:19:00'),
(15, 54, '2021-05-01 17:17:37', '2021-06-30 20:19:00');

-- --------------------------------------------------------

--
-- Table structure for table `phone_numbers`
--

CREATE TABLE `phone_numbers` (
  `nfc_id` int(255) NOT NULL,
  `phone_number` bigint(10) NOT NULL
) ENGINE=InnoDB DEFAULT CHARSET=utf8mb4;

--
-- Dumping data for table `phone_numbers`
--

INSERT INTO `phone_numbers` (`nfc_id`, `phone_number`) VALUES
(1, 6912345678),
(3, 8781866000),
(4, 6912336121),
(5, 6782323123),
(5, 6987653421),
(5, 9351085945),
(6, 7283729083),
(7, 9296472469),
(8, 8307982855),
(9, 6785018613),
(10, 3583532471),
(11, 6745604546),
(12, 867290150),
(13, 3697138984),
(14, 6386777884),
(15, 2943875640);

-- --------------------------------------------------------

--
-- Table structure for table `provided_into`
--

CREATE TABLE `provided_into` (
  `room_id` int(255) NOT NULL,
  `service_id` int(255) NOT NULL
) ENGINE=InnoDB DEFAULT CHARSET=utf8mb4;

--
-- Dumping data for table `provided_into`
--

INSERT INTO `provided_into` (`room_id`, `service_id`) VALUES
(1, 1),
(2, 4),
(3, 5),
(4, 8),
(5, 9),
(6, 9),
(7, 9),
(9, 4),
(10, 8),
(11, 3),
(12, 3),
(13, 3),
(14, 3),
(15, 9),
(16, 9),
(17, 6),
(18, 6),
(19, 1),
(20, 8),
(21, 7),
(22, 7),
(26, 9),
(27, 9),
(28, 9),
(29, 9),
(30, 9),
(31, 9),
(32, 9),
(33, 9),
(34, 9),
(35, 9),
(36, 9),
(37, 9),
(38, 9),
(39, 9),
(40, 9),
(41, 9),
(42, 9),
(43, 9),
(44, 9),
(45, 9),
(46, 9),
(47, 9),
(48, 9),
(54, 2);

-- --------------------------------------------------------

--
-- Table structure for table `reception_and_charge_of_service`
--

CREATE TABLE `reception_and_charge_of_service` (
  `nfc_id` int(255) NOT NULL,
  `service_id` int(255) NOT NULL,
  `date_of_charge` datetime NOT NULL,
  `description` text NOT NULL,
  `cost` int(255) NOT NULL
) ENGINE=InnoDB DEFAULT CHARSET=utf8mb4;

--
-- Dumping data for table `reception_and_charge_of_service`
--

INSERT INTO `reception_and_charge_of_service` (`nfc_id`, `service_id`, `date_of_charge`, `description`, `cost`) VALUES
(1, 1, '2019-10-30 11:50:00', 'Pool service', 1000),
(1, 1, '2021-06-03 12:22:43', 'Pool Service', 1000),
(1, 5, '2021-05-29 12:10:32', 'Grooming service', 5),
(1, 6, '2021-06-03 11:13:43', 'Gym service', 25),
(1, 9, '2021-05-24 16:02:11', 'Room Service', 20),
(1, 9, '2021-05-26 21:27:16', 'Room Service', 0),
(1, 9, '2021-05-27 10:01:11', 'Room Service', 0),
(1, 9, '2021-05-27 10:08:11', 'Room Service', 0),
(1, 9, '2021-05-27 21:14:05', 'Room Service', 0),
(1, 9, '2021-05-28 10:05:21', 'Room Service', 0),
(1, 9, '2021-05-28 10:13:21', 'Room Service', 0),
(1, 9, '2021-05-28 10:30:21', 'Room Service', 0),
(1, 9, '2021-05-28 10:42:21', 'Room Service', 0),
(1, 9, '2021-05-28 11:05:21', 'Room Service', 0),
(1, 9, '2021-05-28 11:05:34', 'Room Service', 0),
(1, 9, '2021-05-28 11:33:21', 'Room Service', 0),
(2, 2, '2021-05-27 12:51:51', 'garden', 2),
(2, 3, '2021-06-01 11:05:04', 'Bar service', 4),
(2, 8, '2021-05-25 16:03:26', 'Conferrence room service', 40),
(2, 8, '2021-06-03 12:22:43', 'Conferrence room service', 40),
(2, 9, '2021-05-24 16:03:26', 'Room Service', 40),
(3, 3, '2021-05-24 18:06:45', 'Bar service', 5),
(3, 3, '2021-06-02 11:05:04', 'Bar service', 4),
(3, 4, '2021-06-02 18:16:07', 'Restaurant service', 8),
(3, 5, '2021-05-25 16:06:45', 'Grooming service', 5),
(3, 8, '2021-06-03 12:22:43', 'Conferrence room service', 40),
(3, 9, '2021-05-24 16:06:45', 'Room Service', 30),
(4, 1, '2021-06-08 11:20:26', 'Pool Service', 1000),
(4, 2, '2021-06-02 11:05:04', 'garden', 2),
(4, 3, '2021-06-08 12:26:26', 'Bar service', 4),
(4, 9, '2021-05-02 17:46:46', 'Room Service', 20),
(5, 2, '2021-06-02 11:10:48', 'garden', 2),
(5, 3, '2021-05-24 22:33:24', 'Bar service', 5),
(5, 3, '2021-06-04 11:21:32', 'Bar service', 4),
(5, 4, '2021-05-24 20:33:24', 'Restaurant service', 8),
(5, 4, '2021-06-05 11:21:32', 'Restaurant service', 8),
(5, 9, '2021-05-25 21:33:24', 'Room Service', 30),
(6, 2, '2021-06-04 11:10:48', 'garden', 2),
(6, 3, '2021-06-02 18:16:07', 'Bar service', 4),
(6, 4, '2021-06-03 12:19:01', 'Restaurant service', 8),
(6, 6, '2021-05-24 21:37:35', 'Gym service', 25),
(6, 6, '2021-06-05 11:23:49', 'Gym service', 25),
(6, 6, '2021-06-05 12:29:49', 'Gym service', 25),
(6, 9, '2021-05-24 20:37:35', 'Room Service', 10),
(7, 3, '2021-05-24 20:39:44', 'Bar service', 3),
(7, 5, '2021-06-03 12:19:01', 'Grooming service', 5),
(7, 5, '2021-06-04 11:10:48', 'Grooming service', 5),
(7, 9, '2021-05-24 21:39:44', 'Room service', 10),
(8, 3, '2021-05-24 20:43:44', 'Bar service', 4),
(8, 4, '2021-06-07 11:10:48', 'Restaurant service', 8),
(8, 6, '2021-06-05 13:53:49', 'Gym service', 25),
(8, 7, '2021-05-24 22:43:44', 'Sauna service', 30),
(8, 7, '2021-06-05 12:41:49', 'Sauna service', 30),
(8, 9, '2021-05-25 16:06:45', 'Room service', 30),
(9, 3, '2021-06-04 11:10:48', 'Bar service', 4),
(9, 3, '2021-06-09 12:28:16', 'Bar service', 4),
(9, 7, '2021-05-24 20:45:24', 'Sauna service', 30),
(9, 7, '2021-06-09 11:28:16', 'Sauna service', 30),
(9, 9, '2021-05-25 15:45:24', 'Room service', 40),
(10, 1, '2021-05-24 20:46:12', 'Pool Service', 1000),
(10, 1, '2021-06-09 12:28:16', 'Pool Service', 1000),
(10, 2, '2021-06-12 11:15:53', 'garden', 2),
(10, 3, '2021-06-09 14:32:16', 'Bar service', 4),
(10, 9, '2021-05-24 22:48:12', 'Room service', 40),
(11, 2, '2021-06-13 11:15:53', 'garden', 2),
(11, 5, '2021-06-05 12:31:41', 'Grooming service', 5),
(11, 6, '2021-05-24 20:47:03', 'Gym service', 25),
(11, 6, '2021-06-05 11:31:41', 'Gym service', 25),
(11, 9, '2021-05-24 22:50:03', 'Room service', 40),
(12, 2, '2021-06-11 11:31:41', 'garden', 2),
(12, 5, '2021-06-05 11:15:53', 'Grooming service', 5),
(12, 6, '2021-05-24 20:49:23', 'Gym service', 25),
(12, 8, '2021-05-24 21:52:23', 'Conferrence room service', 40),
(12, 8, '2021-06-05 12:31:41', 'Conferrence room service', 40),
(12, 9, '2021-05-24 22:51:23', 'Room service', 40),
(13, 4, '2021-06-06 11:15:53', 'Restaurant service', 8),
(13, 7, '2021-05-24 20:50:26', 'Sauna service', 30),
(13, 9, '2021-05-24 22:50:26', 'Room service', 10),
(14, 1, '2021-05-24 20:51:09', 'Pool Service', 1000),
(14, 3, '2021-06-06 11:15:53', 'Bar service', 4),
(14, 9, '2021-05-24 22:51:09', 'Room service', 10),
(15, 5, '2021-05-25 20:51:47', 'Grooming service', 5),
(15, 5, '2021-06-02 11:15:53', 'Grooming service', 5),
(15, 9, '2021-05-25 22:51:47', 'Room service', 20);

-- --------------------------------------------------------

--
-- Table structure for table `register_to_services`
--

CREATE TABLE `register_to_services` (
  `nfc_id` int(255) NOT NULL,
  `service_id` int(255) NOT NULL,
  `date_of_registration` datetime NOT NULL
) ENGINE=InnoDB DEFAULT CHARSET=utf8mb4;

--
-- Dumping data for table `register_to_services`
--

INSERT INTO `register_to_services` (`nfc_id`, `service_id`, `date_of_registration`) VALUES
(1, 1, '2010-10-30 11:10:00'),
(1, 6, '2021-05-10 17:51:15'),
(1, 9, '2021-05-24 20:11:48'),
(2, 7, '2021-05-24 15:43:42'),
(2, 8, '2021-05-24 15:43:42'),
(2, 9, '2021-05-24 20:15:39'),
(3, 6, '2021-05-24 12:43:42'),
(3, 8, '2021-05-24 15:19:42'),
(3, 9, '2021-05-24 15:05:41'),
(4, 1, '2021-05-25 15:43:42'),
(4, 9, '2021-05-24 20:27:10'),
(5, 9, '2021-05-24 11:42:20'),
(6, 1, '2021-05-31 21:44:56'),
(6, 6, '2021-05-19 21:42:33'),
(7, 9, '2021-05-24 11:47:10'),
(8, 6, '2021-05-24 15:48:20'),
(8, 7, '2021-05-24 15:48:20'),
(8, 9, '2021-05-24 11:47:10'),
(9, 7, '2021-05-24 15:48:20'),
(9, 9, '2021-05-24 11:47:10'),
(10, 1, '2021-05-24 15:49:39'),
(10, 9, '2021-05-24 13:09:40'),
(11, 6, '2021-05-24 15:49:39'),
(11, 9, '2021-05-24 14:16:22'),
(12, 6, '2021-05-24 15:49:39'),
(12, 8, '2021-05-24 15:50:21'),
(12, 9, '2021-05-24 14:16:22'),
(13, 7, '2021-05-24 15:50:50'),
(13, 9, '2021-05-24 14:22:07'),
(14, 1, '2021-05-24 15:51:33'),
(14, 7, '2021-05-24 15:51:33'),
(14, 9, '2021-05-24 14:22:07'),
(15, 9, '2021-05-24 14:22:07');

--
-- Triggers `register_to_services`
--
DELIMITER $$
CREATE TRIGGER `reg_services_acces_rooms` AFTER INSERT ON `register_to_services` FOR EACH ROW BEGIN
INSERT INTO have_access(nfc_id, room_id, date_of_start, date_of_end)

SELECT NEW.nfc_id, provided_into.room_id, NEW.date_of_registration, '2021-06-30 20:19:00'
FROM provided_into, room
WHERE provided_into.service_id=NEW.service_id AND provided_into.room_id = room.room_id AND room.number_of_beds = 0;
END
$$
DELIMITER ;
DELIMITER $$
CREATE TRIGGER `reg_services_confirmation` BEFORE INSERT ON `register_to_services` FOR EACH ROW BEGIN

IF(NEW.service_id='2' OR 
   NEW.service_id='3' OR
   NEW.service_id='4' OR
   NEW.service_id='5' )
   
   THEN 
   SIGNAL SQLSTATE '45000'
    SET MESSAGE_TEXT = 'ΔΕΝ ΑΠΑΙΤΕΙΤΑΙ ΕΓΓΡΑΦΗ!';
    
    END IF;
   


END
$$
DELIMITER ;

-- --------------------------------------------------------

--
-- Table structure for table `room`
--

CREATE TABLE `room` (
  `room_id` int(255) NOT NULL,
  `room_name` text NOT NULL,
  `number_of_beds` int(255) NOT NULL,
  `description` text NOT NULL,
  `free_access` tinyint(1) NOT NULL
) ENGINE=InnoDB DEFAULT CHARSET=utf8mb4;

--
-- Dumping data for table `room`
--

INSERT INTO `room` (`room_id`, `room_name`, `number_of_beds`, `description`, `free_access`) VALUES
(1, '1st Pool', 0, 'Pool and bar', 0),
(2, 'Restaurant 1', 0, '1st Restaurant', 1),
(3, 'Grooming Room', 0, 'Grooming Room', 1),
(4, '1st Conference Hall', 0, '1st Conference Hall', 0),
(5, 'single-bed room 1', 1, 'single-bed room 1 (1st floor)', 0),
(6, 'double-bed room 1', 2, 'double-bed room 1 (2nd floor)', 0),
(7, 'Quadruple-Bed room 1', 4, 'Quadruple-Bed room 1 (1st floor)', 0),
(8, '1st elevator', 0, '1st elevator (North)', 1),
(9, 'Restaurant 2', 0, '2nd Restaurant', 1),
(10, '2nd Conferrence hall', 0, '2nd Conference hall', 0),
(11, '1st Bar', 0, '1st Bar', 1),
(12, '2nd Bar', 0, '2nd Bar', 1),
(13, '3rd Bar', 0, '3rd Bar', 1),
(14, '4th Bar', 0, '4th Bar', 1),
(15, 'triple bedroom 1', 3, 'triple bedroom 1 (2nd floor)', 0),
(16, 'triple bedroom 4', 3, 'triple bedroom 4 (3rd floor)', 0),
(17, '1st Gym', 0, '1st Gym', 0),
(18, '2nd Gym', 0, '2nd Gym', 0),
(19, '2nd Pool', 0, '2nd Pool', 0),
(20, '3rd Conference Hall', 0, '3rd Conference Hall', 0),
(21, '1st Sauna', 0, '1st Sauna', 0),
(22, '2nd Sauna', 0, '2nd Sauna', 0),
(23, '2nd Elevator', 0, '2nd Elevator(South)', 1),
(24, '3rd Elevator ', 0, '3rd Elevator (East)', 1),
(25, '4th Elevator ', 0, '4th Elevator (west)', 1),
(26, 'single-bedroom 2', 1, 'single-bedroom 2 (1st floor)', 0),
(27, 'single-bedroom 3', 1, 'single-bedroom 3 (1st floor)', 0),
(28, 'single-bedroom 4 ', 1, 'single-bedroom 4 (2nd floor)', 0),
(29, 'double-bedroom 2', 2, 'double-bedroom 2 (2nd floor)', 0),
(30, 'triple-bedroom 1', 3, 'triple-bedroom 1 (2nd floor)', 0),
(31, 'triple-bedroom 2', 3, 'triple-bedroom 2 (2nd floor)', 0),
(32, 'triple-bedroom 3', 3, 'triple-bedroom 3 (2nd floor)', 0),
(33, 'single-bedroom 5', 1, 'single-bedroom 5 (3rd floor)', 0),
(34, 'single-bedroom 6', 1, 'single-bedroom 6 (3rd floor)', 0),
(35, 'single-bedroom 7 ', 1, 'single-bedroom 7 (3rd floor)', 0),
(36, 'triple-bedroom 4', 3, 'triple-bedroom 4 (3rd floor)', 0),
(37, 'triple-bedroom 5', 3, 'triple-bedroom 5 (3rd floor)', 0),
(38, 'Quadruple-bedroom 4', 4, 'Quadruple-bedroom 4 (3rd floor)', 0),
(39, 'Quadruple-bedroom 5', 4, 'Quadruple-bedroom 5 (3rd floor)', 0),
(40, 'Quadruple-bedroom 6', 4, 'Quadruple-bedroom 6 (3rd floor)', 0),
(41, 'Quadruple-bedroom 2', 4, 'Quadruple-bedroom 2 (1st floor)', 0),
(42, 'Quadruple-bedroom 3', 4, 'Quadruple-bedroom 3 (1st floor)', 0),
(43, 'Quadruple-bedroom 8', 4, 'Quadruple-bedroom 8 (4th floor)', 0),
(44, 'single-bedroom 8', 1, 'single-bedroom 8 (4th floor)', 0),
(45, 'single-bedroom 9', 1, 'single-bedroom 9 (4th floor)', 0),
(46, 'double-bedroom 3', 2, 'double-bedroom 3 (4th floor)', 0),
(47, 'double-bedroom 4', 2, 'double-bedroom 4 (4th floor)', 0),
(48, 'double-bedroom 5', 2, 'double-bedroom 5 (4th floor)', 0),
(49, 'Corridor 0', 0, 'Corridor 0 (ground floor)', 1),
(50, 'Corridor 1', 0, 'Corridor 1 (1st floor)', 1),
(51, 'Corridor 2', 0, 'Corridor 2 (2nd floor)', 1),
(52, 'Corridor 3', 0, 'Corridor 3 (3rd floor)', 1),
(53, 'Corridor 4', 0, 'Corridor 4 (4th floor)', 1),
(54, 'Garden', 0, 'Garden', 1);

--
-- Triggers `room`
--
DELIMITER $$
CREATE TRIGGER `provided_into_bar` AFTER INSERT ON `room` FOR EACH ROW BEGIN
INSERT INTO provided_into(room_id, service_id)
SELECT NEW.room_id, '3'
WHERE NEW.description LIKE '%Bar%';
END
$$
DELIMITER ;
DELIMITER $$
CREATE TRIGGER `provided_into_bedroom` BEFORE INSERT ON `room` FOR EACH ROW BEGIN
INSERT INTO provided_into(room_id, service_id)

SELECT NEW.room_id, '9'
WHERE NEW.number_of_beds!='0';
END
$$
DELIMITER ;
DELIMITER $$
CREATE TRIGGER `provided_into_conf` AFTER INSERT ON `room` FOR EACH ROW BEGIN
INSERT INTO provided_into(room_id, service_id)
SELECT NEW.room_id, '8'
WHERE NEW.description LIKE '%Conference%';
END
$$
DELIMITER ;
DELIMITER $$
CREATE TRIGGER `provided_into_garden` AFTER INSERT ON `room` FOR EACH ROW BEGIN
INSERT INTO provided_into(room_id, service_id)
SELECT NEW.room_id, '2'
WHERE NEW.description LIKE '%Garden%';
END
$$
DELIMITER ;
DELIMITER $$
CREATE TRIGGER `provided_into_groom` AFTER INSERT ON `room` FOR EACH ROW BEGIN
INSERT INTO provided_into(room_id, service_id)
SELECT NEW.room_id, '5'
WHERE NEW.description LIKE '%Grooming%';
END
$$
DELIMITER ;
DELIMITER $$
CREATE TRIGGER `provided_into_gym` AFTER INSERT ON `room` FOR EACH ROW BEGIN
INSERT INTO provided_into(room_id, service_id)
SELECT NEW.room_id, '6'
WHERE NEW.description LIKE '%Gym%';
END
$$
DELIMITER ;
DELIMITER $$
CREATE TRIGGER `provided_into_pool` AFTER INSERT ON `room` FOR EACH ROW BEGIN
INSERT INTO provided_into(room_id, service_id)
SELECT NEW.room_id, '1'
WHERE NEW.description LIKE '%Pool%';
END
$$
DELIMITER ;
DELIMITER $$
CREATE TRIGGER `provided_into_restaurant` AFTER INSERT ON `room` FOR EACH ROW BEGIN
INSERT INTO provided_into(room_id, service_id)
SELECT NEW.room_id, '4'
WHERE NEW.description LIKE '%Restaurant%';
END
$$
DELIMITER ;
DELIMITER $$
CREATE TRIGGER `provided_into_sauna` AFTER INSERT ON `room` FOR EACH ROW BEGIN
INSERT INTO provided_into(room_id, service_id)
SELECT NEW.room_id, '7'
WHERE NEW.description LIKE '%Sauna%';
END
$$
DELIMITER ;

-- --------------------------------------------------------

--
-- Table structure for table `service`
--

CREATE TABLE `service` (
  `service_id` int(255) NOT NULL,
  `description` text NOT NULL
) ENGINE=InnoDB DEFAULT CHARSET=utf8mb4;

--
-- Dumping data for table `service`
--

INSERT INTO `service` (`service_id`, `description`) VALUES
(1, 'Pool Service'),
(2, 'garden'),
(3, 'Bar service'),
(4, 'Restaurant service'),
(5, 'Grooming service'),
(6, 'Gym service'),
(7, 'Sauna service'),
(8, 'Conferrence room service'),
(9, 'Room Service');

-- --------------------------------------------------------

--
-- Table structure for table `services_without_registration`
--

CREATE TABLE `services_without_registration` (
  `service_id` int(255) NOT NULL
) ENGINE=InnoDB DEFAULT CHARSET=utf8mb4;

--
-- Dumping data for table `services_without_registration`
--

INSERT INTO `services_without_registration` (`service_id`) VALUES
(2),
(3),
(4),
(5);

-- --------------------------------------------------------

--
-- Table structure for table `services_with_registration`
--

CREATE TABLE `services_with_registration` (
  `service_id` int(255) NOT NULL
) ENGINE=InnoDB DEFAULT CHARSET=utf8mb4;

--
-- Dumping data for table `services_with_registration`
--

INSERT INTO `services_with_registration` (`service_id`) VALUES
(1),
(6),
(7),
(8),
(9);

-- --------------------------------------------------------

--
-- Stand-in structure for view `service_sales`
-- (See below for the actual view)
--
CREATE TABLE `service_sales` (
`description` mediumtext
,`sales` bigint(21)
);

-- --------------------------------------------------------

--
-- Table structure for table `visit`
--

CREATE TABLE `visit` (
  `nfc_id` int(255) NOT NULL,
  `room_id` int(255) NOT NULL,
  `date_of_entrance` datetime NOT NULL,
  `date_of_exit` datetime NOT NULL
) ENGINE=InnoDB DEFAULT CHARSET=utf8mb4;

--
-- Dumping data for table `visit`
--

INSERT INTO `visit` (`nfc_id`, `room_id`, `date_of_entrance`, `date_of_exit`) VALUES
(1, 1, '2019-10-30 11:50:00', '2019-05-21 00:00:00'),
(1, 3, '2021-05-29 12:10:32', '2021-05-29 12:21:32'),
(1, 5, '2021-05-24 16:02:11', '2021-05-24 17:02:11'),
(1, 5, '2021-05-26 21:27:16', '2021-05-26 21:29:16'),
(1, 5, '2021-05-27 10:01:11', '2021-05-27 10:04:11'),
(1, 5, '2021-05-27 10:08:11', '2021-05-27 10:24:11'),
(1, 5, '2021-05-27 21:14:05', '2021-05-28 21:14:05'),
(1, 5, '2021-05-28 10:05:21', '2021-05-28 10:08:21'),
(1, 5, '2021-05-28 10:13:21', '2021-05-27 10:17:21'),
(1, 5, '2021-05-28 10:30:21', '2021-05-27 10:44:21'),
(1, 5, '2021-05-28 10:42:21', '2021-05-27 10:49:21'),
(1, 5, '2021-05-28 11:05:21', '2021-05-28 11:16:21'),
(1, 5, '2021-05-28 11:05:34', '2021-05-28 11:28:21'),
(1, 5, '2021-05-28 11:33:21', '2021-05-28 10:47:21'),
(1, 18, '2021-06-03 11:13:43', '2021-06-03 12:13:43'),
(1, 19, '2021-06-03 12:22:43', '2021-06-03 14:22:43'),
(2, 4, '2021-06-03 12:22:43', '2021-06-03 14:22:43'),
(2, 7, '2021-05-24 16:03:26', '2021-05-24 18:03:26'),
(2, 11, '2021-06-01 11:05:04', '2021-06-01 11:15:04'),
(2, 20, '2021-05-25 16:03:26', '2021-05-25 17:03:26'),
(2, 54, '2021-05-27 12:51:51', '2021-05-27 13:51:51'),
(3, 2, '2021-06-02 18:16:07', '2021-05-29 18:47:07'),
(3, 3, '2021-05-25 16:06:45', '2021-05-24 17:06:45'),
(3, 4, '2021-06-03 12:22:43', '2021-06-03 14:22:43'),
(3, 8, '2021-05-25 18:06:45', '2021-05-25 19:06:45'),
(3, 11, '2021-05-24 18:06:45', '2021-05-24 19:06:45'),
(3, 14, '2021-06-02 11:05:04', '2021-06-02 11:22:04'),
(3, 15, '2021-05-24 16:06:45', '2021-05-24 17:06:45'),
(4, 1, '2021-06-08 11:20:26', '2021-06-08 12:20:26'),
(4, 6, '2021-05-02 17:46:46', '2021-05-08 17:46:46'),
(4, 12, '2021-06-08 12:26:26', '2021-06-08 13:26:26'),
(4, 27, '2021-05-14 13:46:54', '2021-05-22 13:44:58'),
(4, 54, '2021-06-02 11:05:04', '2021-06-02 11:24:04'),
(5, 2, '2021-05-24 20:33:24', '2021-05-24 21:33:24'),
(5, 2, '2021-06-05 11:21:32', '2021-06-05 13:21:32'),
(5, 13, '2021-05-24 22:33:24', '2021-05-25 20:33:24'),
(5, 14, '2021-06-04 11:21:32', '2021-06-04 11:38:32'),
(5, 30, '2021-05-25 21:33:24', '2021-05-24 22:33:24'),
(5, 54, '2021-06-02 11:10:48', '2021-06-02 11:23:48'),
(6, 2, '2021-06-03 12:19:01', '2021-06-03 12:19:01'),
(6, 13, '2021-06-02 18:16:07', '2021-05-29 18:47:07'),
(6, 17, '2021-05-24 21:37:35', '2021-05-24 22:37:35'),
(6, 17, '2021-06-05 12:29:49', '2021-05-30 11:42:49'),
(6, 18, '2021-06-05 11:23:49', '2021-06-05 12:23:49'),
(6, 32, '2021-05-24 20:37:35', '2021-05-24 21:37:35'),
(6, 54, '2021-06-04 11:10:48', '2021-06-04 11:38:48'),
(7, 3, '2021-06-03 12:19:01', '2021-06-03 12:19:01'),
(7, 3, '2021-06-04 11:10:48', '2021-06-04 11:25:48'),
(7, 12, '2021-05-24 20:39:44', '2021-05-24 21:39:44'),
(7, 34, '2021-05-24 21:39:44', '2021-05-25 20:39:44'),
(8, 9, '2021-06-07 11:10:48', '2021-06-07 11:40:48'),
(8, 11, '2021-05-24 20:43:44', '2021-05-24 21:43:44'),
(8, 18, '2021-06-05 13:53:49', '2021-06-05 14:53:49'),
(8, 21, '2021-06-05 12:41:49', '2021-06-05 12:53:49'),
(8, 22, '2021-05-24 22:43:44', '2021-05-24 23:43:44'),
(8, 37, '2021-05-25 16:06:45', '2021-05-24 21:43:44'),
(9, 13, '2021-06-09 12:28:16', '2021-06-09 14:28:16'),
(9, 14, '2021-06-04 11:10:48', '2021-06-04 11:26:48'),
(9, 21, '2021-05-24 20:45:24', '2021-05-24 21:45:24'),
(9, 21, '2021-06-09 11:28:16', '2021-06-09 12:28:16'),
(9, 39, '2021-05-25 15:45:24', '2021-05-24 21:45:24'),
(10, 1, '2021-05-24 20:46:12', '2021-05-24 22:46:12'),
(10, 1, '2021-06-09 12:28:16', '2021-06-09 14:28:16'),
(10, 14, '2021-06-09 14:32:16', '2021-06-09 15:32:16'),
(10, 40, '2021-05-24 22:48:12', '2021-05-25 20:46:12'),
(10, 54, '2021-06-12 11:15:53', '2021-06-12 11:25:53'),
(11, 3, '2021-06-05 12:31:41', '2021-06-05 12:36:41'),
(11, 17, '2021-05-24 20:47:03', '2021-05-24 22:47:03'),
(11, 18, '2021-06-05 11:31:41', '2021-06-05 12:31:41'),
(11, 41, '2021-05-24 22:50:03', '2021-05-25 20:47:03'),
(11, 54, '2021-06-13 11:15:53', '2021-06-13 11:30:53'),
(12, 3, '2021-06-05 11:15:53', '2021-06-05 11:25:53'),
(12, 10, '2021-05-24 21:52:23', '2021-05-24 22:49:23'),
(12, 10, '2021-06-05 12:31:41', '2021-06-05 12:48:41'),
(12, 17, '2021-05-24 20:49:23', '2021-05-24 21:49:23'),
(12, 42, '2021-05-24 22:51:23', '2021-05-25 20:49:23'),
(12, 54, '2021-06-11 11:31:41', '2021-06-11 14:31:41'),
(13, 9, '2021-06-06 11:15:53', '2021-06-06 12:16:53'),
(13, 22, '2021-05-24 20:50:26', '2021-05-24 22:50:26'),
(13, 44, '2021-05-24 22:50:26', '2021-05-25 20:50:26'),
(14, 1, '2021-05-24 20:51:09', '2021-05-24 22:51:09'),
(14, 13, '2021-06-06 11:15:53', '2021-06-06 11:27:53'),
(14, 45, '2021-05-24 22:51:09', '2021-05-25 20:51:09'),
(15, 3, '2021-05-25 20:51:47', '2021-05-25 21:51:47'),
(15, 3, '2021-06-02 11:15:53', '2021-06-02 12:15:53'),
(15, 46, '2021-05-25 22:51:47', '2021-05-26 20:51:47');

--
-- Triggers `visit`
--
DELIMITER $$
CREATE TRIGGER `check_ability_to_visit` BEFORE INSERT ON `visit` FOR EACH ROW BEGIN
	IF (SELECT COUNT(*) FROM have_access 
        	WHERE have_access.nfc_id = NEW.nfc_id AND have_access.room_id = NEW.room_id
       ) != 1
    THEN 
    signal sqlstate '45000'
    SET MESSAGE_TEXT = 'ΜΗΝ ΤΟΛΜΗΣΕΙΣ ΝΑ ΜΠΕΙΣ ΕΔΩ!!!!';
    
    END IF;
END
$$
DELIMITER ;
DELIMITER $$
CREATE TRIGGER `recept_and_charge` AFTER INSERT ON `visit` FOR EACH ROW BEGIN

INSERT INTO reception_and_charge_of_service(nfc_id, service_id, date_of_charge, description, cost)

SELECT NEW.nfc_id, provided_into.service_id, NEW.date_of_entrance, service.description, '0'

FROM provided_into, service

WHERE provided_into.room_id=NEW.room_id 
      AND service.service_id=provided_into.service_id;
     



END
$$
DELIMITER ;

-- --------------------------------------------------------

--
-- Structure for view `customers_data`
--
DROP TABLE IF EXISTS `customers_data`;

CREATE ALGORITHM=UNDEFINED DEFINER=`root`@`localhost` SQL SECURITY DEFINER VIEW `customers_data`  AS SELECT `customers`.`first_name` AS `first_name`, `customers`.`last_name` AS `last_name`, `customers`.`date_of_birth` AS `date_of_birth`, `customers`.`id_doc_nr` AS `id_doc_nr`, `customers`.`dep_of_id_doc` AS `dep_of_id_doc` FROM `customers` ;

-- --------------------------------------------------------

--
-- Structure for view `customers_location`
--
DROP TABLE IF EXISTS `customers_location`;

CREATE ALGORITHM=UNDEFINED DEFINER=`root`@`localhost` SQL SECURITY DEFINER VIEW `customers_location`  AS SELECT `visit`.`nfc_id` AS `nfc_id`, `customers`.`first_name` AS `first_name`, `customers`.`last_name` AS `last_name`, `visit`.`room_id` AS `room_id`, `visit`.`date_of_entrance` AS `date_of_entrance`, `visit`.`date_of_exit` AS `date_of_exit`, `room`.`description` AS `description` FROM ((`visit` join `room`) join `customers`) WHERE `visit`.`room_id` = `room`.`room_id` AND `visit`.`nfc_id` = `customers`.`nfc_id` ;

-- --------------------------------------------------------

--
-- Structure for view `service_sales`
--
DROP TABLE IF EXISTS `service_sales`;

CREATE ALGORITHM=UNDEFINED DEFINER=`root`@`localhost` SQL SECURITY DEFINER VIEW `service_sales`  AS SELECT `service`.`description` AS `description`, count(0) AS `sales` FROM (`reception_and_charge_of_service` join `service`) WHERE `reception_and_charge_of_service`.`service_id` = 1 AND `service`.`service_id` = 1 ;

--
-- Indexes for dumped tables
--

--
-- Indexes for table `customers`
--
ALTER TABLE `customers`
  ADD PRIMARY KEY (`nfc_id`);

--
-- Indexes for table `email_address`
--
ALTER TABLE `email_address`
  ADD PRIMARY KEY (`nfc_id`,`email`),
  ADD UNIQUE KEY `nfc id` (`nfc_id`);

--
-- Indexes for table `have_access`
--
ALTER TABLE `have_access`
  ADD PRIMARY KEY (`nfc_id`,`room_id`),
  ADD UNIQUE KEY `nfc id` (`nfc_id`,`room_id`),
  ADD KEY `room id` (`room_id`),
  ADD KEY `customer_access` (`nfc_id`,`room_id`);

--
-- Indexes for table `phone_numbers`
--
ALTER TABLE `phone_numbers`
  ADD PRIMARY KEY (`nfc_id`,`phone_number`),
  ADD KEY `NFC ID` (`nfc_id`);

--
-- Indexes for table `provided_into`
--
ALTER TABLE `provided_into`
  ADD PRIMARY KEY (`room_id`,`service_id`),
  ADD UNIQUE KEY `room id` (`room_id`,`service_id`),
  ADD KEY `service id` (`service_id`);

--
-- Indexes for table `reception_and_charge_of_service`
--
ALTER TABLE `reception_and_charge_of_service`
  ADD PRIMARY KEY (`nfc_id`,`service_id`,`date_of_charge`),
  ADD KEY `service id` (`service_id`),
  ADD KEY `recept_and_charge_idx` (`nfc_id`,`service_id`);

--
-- Indexes for table `register_to_services`
--
ALTER TABLE `register_to_services`
  ADD PRIMARY KEY (`nfc_id`,`service_id`),
  ADD UNIQUE KEY `nfc id` (`nfc_id`,`service_id`),
  ADD KEY `service id` (`service_id`);

--
-- Indexes for table `room`
--
ALTER TABLE `room`
  ADD PRIMARY KEY (`room_id`);

--
-- Indexes for table `service`
--
ALTER TABLE `service`
  ADD PRIMARY KEY (`service_id`);

--
-- Indexes for table `services_without_registration`
--
ALTER TABLE `services_without_registration`
  ADD PRIMARY KEY (`service_id`),
  ADD UNIQUE KEY `service id` (`service_id`);

--
-- Indexes for table `services_with_registration`
--
ALTER TABLE `services_with_registration`
  ADD PRIMARY KEY (`service_id`),
  ADD UNIQUE KEY `service id` (`service_id`);

--
-- Indexes for table `visit`
--
ALTER TABLE `visit`
  ADD PRIMARY KEY (`nfc_id`,`room_id`,`date_of_entrance`),
  ADD KEY `covid_tracking_idx` (`nfc_id`,`room_id`),
  ADD KEY `visit_ibfk_2` (`room_id`);

--
-- AUTO_INCREMENT for dumped tables
--

--
-- AUTO_INCREMENT for table `customers`
--
ALTER TABLE `customers`
  MODIFY `nfc_id` int(255) NOT NULL AUTO_INCREMENT, AUTO_INCREMENT=16;

--
-- AUTO_INCREMENT for table `room`
--
ALTER TABLE `room`
  MODIFY `room_id` int(255) NOT NULL AUTO_INCREMENT, AUTO_INCREMENT=55;

--
-- Constraints for dumped tables
--

--
-- Constraints for table `email_address`
--
ALTER TABLE `email_address`
  ADD CONSTRAINT `e-mai_ibfk` FOREIGN KEY (`nfc_id`) REFERENCES `customers` (`nfc_id`);

--
-- Constraints for table `have_access`
--
ALTER TABLE `have_access`
  ADD CONSTRAINT `have_access_ibfk_1` FOREIGN KEY (`nfc_id`) REFERENCES `customers` (`nfc_id`),
  ADD CONSTRAINT `have_access_ibfk_2` FOREIGN KEY (`room_id`) REFERENCES `room` (`room_id`);

--
-- Constraints for table `phone_numbers`
--
ALTER TABLE `phone_numbers`
  ADD CONSTRAINT `phone_numbers_ibfk` FOREIGN KEY (`nfc_id`) REFERENCES `customers` (`nfc_id`);

--
-- Constraints for table `provided_into`
--
ALTER TABLE `provided_into`
  ADD CONSTRAINT `provided_into_ibfk_1` FOREIGN KEY (`room_id`) REFERENCES `room` (`room_id`),
  ADD CONSTRAINT `provided_into_ibfk_2` FOREIGN KEY (`service_id`) REFERENCES `service` (`service_id`);

--
-- Constraints for table `reception_and_charge_of_service`
--
ALTER TABLE `reception_and_charge_of_service`
  ADD CONSTRAINT `reception_and_charge_of_service_ibfk_1` FOREIGN KEY (`nfc_id`) REFERENCES `customers` (`nfc_id`),
  ADD CONSTRAINT `reception_and_charge_of_service_ibfk_2` FOREIGN KEY (`service_id`) REFERENCES `service` (`service_id`);

--
-- Constraints for table `register_to_services`
--
ALTER TABLE `register_to_services`
  ADD CONSTRAINT `register_to_services_ibfk_1` FOREIGN KEY (`nfc_id`) REFERENCES `customers` (`nfc_id`),
  ADD CONSTRAINT `register_to_services_ibfk_2` FOREIGN KEY (`service_id`) REFERENCES `service` (`service_id`);

--
-- Constraints for table `services_without_registration`
--
ALTER TABLE `services_without_registration`
  ADD CONSTRAINT `services_without_registration_ibfk_1` FOREIGN KEY (`service_id`) REFERENCES `service` (`service_id`);

--
-- Constraints for table `services_with_registration`
--
ALTER TABLE `services_with_registration`
  ADD CONSTRAINT `services_with_registration_ibfk_1` FOREIGN KEY (`service_id`) REFERENCES `service` (`service_id`);

--
-- Constraints for table `visit`
--
ALTER TABLE `visit`
  ADD CONSTRAINT `visit_ibfk_1` FOREIGN KEY (`nfc_id`) REFERENCES `customers` (`nfc_id`),
  ADD CONSTRAINT `visit_ibfk_2` FOREIGN KEY (`room_id`) REFERENCES `room` (`room_id`);
COMMIT;

/*!40101 SET CHARACTER_SET_CLIENT=@OLD_CHARACTER_SET_CLIENT */;
/*!40101 SET CHARACTER_SET_RESULTS=@OLD_CHARACTER_SET_RESULTS */;
/*!40101 SET COLLATION_CONNECTION=@OLD_COLLATION_CONNECTION */;
